chunk_id,tag,title,section,url,text
0,eligibility,Free IIT-JEE Coaching for Poor Students | Top Neurons,Notice Board,https://www.topneurons.org/,"The Eligibility Criterion for Application is Changed: Students who passed Class 10 (CBSE Board) in the 2025–26 academic session with 85% or above may apply. For other state boards, Minimum passing marks is 90%. For those boards where the results has not been declared, Class 9 marks will be considered. Top Neurons Batch 7 Phase 1 & Phase 2 2026 Mains Exam Online Result Declared - 13 April 2026. To view the result click here Top Neurons Batch 7 Phase 1 & Phase 2 2026 Preliminary Exam Online Result Declared - 13 April 2026. To view the result click here RBSE Board Class 10th (2025-26) results have been declared. Only students who have secured 92% or above in Science and Maths can apply for Prelims Exam. Top Neurons Batch 7 Phase 1 & Phase 2 2026 Preliminary Exam Online Result Declared - 24 Mar 2026. To view the result click here The Eligibility Criterion for Application is Changed: Students who passed Class 10 (CBSE Board) in the 2025–26 academic session with 85% or above may apply. For other state boards, Minimum passing marks is 90%. For those boards where the results has not been declared, Class 9 marks will be considered. Top Neurons Batch 7 Phase 1 & Phase 2 2026 Mains Exam Online Result Declared - 13 April 2026. To view the result click here Top Neurons Batch 7 Phase 1 & Phase 2 2026 Preliminary Exam Online Result Declared - 13 April 2026. To view the result click"
1,eligibility,Free IIT-JEE Coaching for Poor Students | Top Neurons,Notice Board,https://www.topneurons.org/,considered. Top Neurons Batch 7 Phase 1 & Phase 2 2026 Mains Exam Online Result Declared - 13 April 2026. To view the result click here Top Neurons Batch 7 Phase 1 & Phase 2 2026 Preliminary Exam Online Result Declared - 13 April 2026. To view the result click here RBSE Board Class 10th (2025-26) results have been declared. Only students who have secured 92% or above in Science and Maths can apply for Prelims Exam. Top Neurons Batch 7 Phase 1 & Phase 2 2026 Preliminary Exam Online Result Declared - 24 Mar 2026. To view the result click here
2,about,Free IIT-JEE Coaching for Poor Students | Top Neurons,Mission,https://www.topneurons.org/,"The mission of Top Neurons, an initiative of Pratham Shiksha Charitable Trust, is to provide free, high-quality education and academic support to economically weaker and underprivileged students across India. Our goal is to bridge the educational gap by ensuring that talented and deserving students have access to the resources, guidance, and opportunities they need to succeed in their academic journeys. We are committed to nurturing young minds by offering structured learning programs, expert mentorship, and a disciplined study environment that promotes both academic excellence and personal growth. Through our initiatives, we aim to prepare students for competitive examinations such as engineering and medical entrance tests while also strengthening their foundational knowledge and critical thinking skills. At Top Neurons, we believe that education is not only about academic achievement but also about building character, confidence, and strong ethical values. Our mission is to create a supportive and inclusive learning environment that encourages curiosity, creativity, and a passion for lifelong learning. By empowering students with knowledge, skills, and values, we strive to help them overcome social and economic barriers and build a brighter future for themselves and their communities."
3,program,Free IIT-JEE Coaching for Poor Students | Top Neurons,Vision,https://www.topneurons.org/,"The vision of Top Neurons is to create a society where every talented student, regardless of financial background, has equal access to quality education and opportunities for success. We envision building a generation of educated, confident, and socially responsible individuals who contribute positively to the growth and development of the nation. Our long-term goal is to transform the lives of thousands of students by helping them realize their potential and achieve their dreams through education. By promoting academic excellence, innovation, and strong moral values, we aim to shape future leaders, professionals, and changemakers who will play a meaningful role in building a progressive and inclusive society. Through continuous improvement in teaching methods, mentorship programs, and student support systems, Top Neurons strives to make education accessible, meaningful, and inspiring. Our vision is to ensure that every student we support gains not only knowledge but also the confidence, discipline, and determination needed to achieve their full potential and make a lasting impact on the world."
5,program,About Us - Top Neurons,Top Neurons,https://www.topneurons.org/about-us/,"Prem Shanti Charitable Trust is a registered trust in Jaipur, Rajasthan, which primarily aims at welfare of the poor and underprivileged section of Indian society. Pratham Shiksha Charitable Trust, which shares a strong commitment to education and social welfare, collaborates with Prem Shanti Charitable Trust in supporting this transformative initiative. The trust has started a highly ambitious program “Top Neurons” for underprivileged but highly talented students. Many students with talent and intelligence couldn’t come forward due to poverty and they either cannot go to a college or they have to settle with ordinary colleges and finally gets very low paying jobs. This program selects such students from Class X who want to go to the top Engineering, Medical, Science colleges of India. This program helps these students economically and socially for two years when these students are in 11th and 12th class. The facilities like coaching from Top Coaching Institutes of India, P.G. Hostel, books and reading material, mentoring, etc. are provided in these two years. Our target is that most of these students can be selected into Top universities of India such as IISC, IISER, IIT, AIIMS, JIPMER, AFMC, etc.,"
6,program,About Us - Top Neurons,Other Activities in Healthcare and Education,https://www.topneurons.org/about-us/,"The trust has done various activities in the areas of Healthcare and Education since 2013. Free Medical Camps, various eye-related surgeries including more than 500+ eye cataract surgeries have been performed for underprivileged people in Bharatpur District of Rajasthan. These surgeries are being done at good private hospitals where it was not possible for these people to afford. The trust has provided woollen clothes, books, stationery etc, in various government schools of Jaipur and Bharatpur district. Trust has also contributed in making classrooms and other infrastructure in government schools."
7,about,About Us - Top Neurons,Vision,https://www.topneurons.org/about-us/,"To give leaders to the world, who can make a significant positive impact, and will make this earth a better place for all kind of life to flourish."
8,benefits,About Us - Top Neurons,Mission,https://www.topneurons.org/about-us/,To search the highly talented and god gifted school going children from the underprivileged society. To provide them the best social and economic resources so that they can go to the best universities of the world. Help them in unleashing their talent and mentor them. To give them the right moral values. Get them ready so that they started giving back to the society To search the highly talented and god gifted school going children from the underprivileged society. To provide them the best social and economic resources so that they can go to the best universities of the world. Help them in unleashing their talent and mentor them. Get them ready so that they started giving back to the society
9,exam,About Us - Top Neurons,Ashish Arora,https://www.topneurons.org/about-us/,"Ashish Arora is a renowned educator, author, career mentor & Edtech professional. His students have stood at top ranks in JEE & NEET including All India Rank-1 and ranks among All India Top-100. He has a passion for use of technology in academics, academic management. He has leaded many large-scale successful eLearning initiatives. He is Founder of Physicsgalaxy and he has more than 1.18M Subscribers on Physics Galaxy Youtube Channel. He also authored many books including Physics Galaxy Series of Books of total 12 volumes. Some of them have been in the bestseller category on Amazon."
10,about,About Us - Top Neurons,Ashok Mittal,https://www.topneurons.org/about-us/,"Ashok Mittal is a renowned businessman from the city of Alwar, Rajasthan. He is a trustee of Prem Shanti Charitable Trust. He is a social worker and has been at various positions at Lions Club President, President and Regional Zone Secretary at one of the region Bharat Vikas Parishad."
11,eligibility,About Us - Top Neurons,Prabhat Mittal,https://www.topneurons.org/about-us/,"Prabhat Mittal lives in Peoria, Illinois, USA. He is currently working with Caterpillar as Global Leader in Product Engineering and Management. He has done engineering from MBM Jodhpur, P.G. from Marquette University Illinois USA and MBA from Indiana Wesleyan University. He is also a Board Member of Indo American Society of Peoria Illinois USA."
12,exam,About Us - Top Neurons,Puneet Mittal,https://www.topneurons.org/about-us/,"Puneet has interest in health and education sector and has been associated with social work for many years. Puneet has an interest in Software, Education and health care technology. His favourite subjects are Maths and Physics. He also enjoy solving puzzles and playing chess. He reads lot of books in the areas of popular science."
13,success,About Us - Top Neurons,Pratibha Gupta,https://www.topneurons.org/about-us/,"Pratibha, an IITian (Chemical Engineering) and M.S. (Computer Science) from University of Southern California, is a Principal Software Engineer at Oracle. She has led pioneering web services security projects and holds multiple patents. Driven by her belief in putting heart, mind, and soul into every endeavor, Pratibha exemplifies passion, excellence, and balance—both in her professional life and as an active sportsperson."
14,program,About Us - Top Neurons,Yogesh Sharma,https://www.topneurons.org/about-us/,Yogesh has been doing social services personally from last 32 years and also during his tenure in Lupin Foundation 31 years. He has keen interest in health and education sector and has worked in more than 15 health and education programs of the government.He has also interest in personality development and positive thinking.
15,program,About Us - Top Neurons,Shikha Saxena,https://www.topneurons.org/about-us/,"Shikha has been working with Pratham Shiksha which is a charitable organization for more than 15 years. Pratham Shiksha is in the field of education for underprivileged children. She has been involved in giving nursing training to children of slum area and many of them are working as a nurse in various hospitals. She always tries to do economic and social development for needy and poor children. She has done masters in Economic from University of Rajasthan. Her interests are classical music, art and craft. She has participated in many classical music programs and art exhibitions."
16,program,About Us - Top Neurons,Geetika Kaushik,https://www.topneurons.org/about-us/,Geetika has been doing work for children’s education in slum area and also give focus on women-empowerment. She has interest in Digital Marketing and reading Books.
17,program,About Us - Top Neurons,Khushboo Goyal,https://www.topneurons.org/about-us/,Khushboo has been working with Pratham Shiksha for more than 7 years in the field of education for underprivileged children. She has done Bachelor of Commerce from University of Rajasthan. She is a Positive Thinker and Problem Solver. She has keen interest in Dress Designing and Computers.
18,program,About Us - Top Neurons,Anjali Verma,https://www.topneurons.org/about-us/,"Anjali always tries to do for underprivileged students, Anjali has done masters in sociology from University of Rajasthan her interest are dancing, reading books and art and craft."
19,program,Program Details - Top Neurons,Top Neurons Parinde Pink City Program,https://www.topneurons.org/program-details/,"Students who will be selected in Top Neurons program will be provided 100% free coaching facility from top coaching institutes of India. The coaching classes will be provided in person only in Jaipur, Rajasthan. Books and study material will be provided free of cost by the coaching institute and trust. Free P.G. Accommodation in Jaipur will be provided to all selected students. The student will take admission in a school in Jaipur. Top Neurons will cover approximately 66% of the school fees, and the student will be required to pay only a nominal amount. Various programs will be organized under the program for continuous guidance to the selected students so that they can achieve their goals with enthusiasm and confidence and in future identify themselves as responsible citizens of the country. Top Neurons students who will be selected in the Top Institute, but they are unable to pay the institute fees, then they will be helped by Trust. Students who will be selected in Top Neurons program will be provided 100% free coaching facility from top coaching institutes of India. The coaching classes will be provided in person only in Jaipur, Rajasthan. Books and study material will be provided free of cost by the coaching institute and trust. Free P.G. Accommodation in Jaipur will be provided to all selected students. The student will take admission in a school in Jaipur. Top Neurons will cover approximately 66% of the school fees, and the student will be required to pay only a"
20,program,Program Details - Top Neurons,Top Neurons Parinde Pink City Program,https://www.topneurons.org/program-details/,"of cost by the coaching institute and trust. Free P.G. Accommodation in Jaipur will be provided to all selected students. The student will take admission in a school in Jaipur. Top Neurons will cover approximately 66% of the school fees, and the student will be required to pay only a nominal amount. Various programs will be organized under the program for continuous guidance to the selected students so that they can achieve their goals with enthusiasm and confidence and in future identify themselves as responsible citizens of the country. Top Neurons students who will be selected in the Top Institute, but they are unable to pay the institute fees, then they will be helped by Trust."
21,eligibility,Program Details - Top Neurons,Eligibility Criteria for Selection,https://www.topneurons.org/program-details/,"The student who has passed class 10th in year 2026 session from any medium. And wish to take Science stream (Physics, Chemistry, Maths and/or Biology) in standard 11th. Students who have scored in class 10th: 85%, Physically Handicapped Category: 80%. Student who can afford coaching fees with the help of themselves or their family/relatives, cannot attend this program, only students belonging to economically weaker section can participate The combined annual income and annual expenses both of the student parents should not exceed Rs 3.50 Lakhs. Student’s parent or guardian or siblings should not be a present or retired permanent employee of Government, PSU and Public Limited Company. Student whose parents are working as Labour in construction/factory, Rikshaw Pullers, Hawkers, Drivers, Tailors, Barbers, Plumbers, Security Guards, Peons, Domestic Workers, Contract Labour in Agriculture, Small Farmers and similar workers will be given priority in final selection. The widow’s son/daughter will be given priority. Girls will be given priority. The student who has passed class 10th in year 2026 session from any medium. And wish to take Science stream (Physics, Chemistry, Maths and/or Biology) in standard 11th. Students who have scored in class 10th: 85%, Physically Handicapped Category: 80%. Student who can afford coaching fees with the help of themselves or their family/relatives, cannot attend this program, only students belonging to economically weaker section can participate The combined annual income and annual expenses both of the student parents should not exceed Rs 3.50 Lakhs. Student’s parent or guardian or siblings should not be"
22,eligibility,Program Details - Top Neurons,Eligibility Criteria for Selection,https://www.topneurons.org/program-details/,"coaching fees with the help of themselves or their family/relatives, cannot attend this program, only students belonging to economically weaker section can participate The combined annual income and annual expenses both of the student parents should not exceed Rs 3.50 Lakhs. Student’s parent or guardian or siblings should not be a present or retired permanent employee of Government, PSU and Public Limited Company. Student whose parents are working as Labour in construction/factory, Rikshaw Pullers, Hawkers, Drivers, Tailors, Barbers, Plumbers, Security Guards, Peons, Domestic Workers, Contract Labour in Agriculture, Small Farmers and similar workers will be given priority in final selection. The widow’s son/daughter will be given priority. Girls will be given priority. The combined annual income and annual expenses both of the student parents should not exceed Rs 3.50 Lakhs. Student’s parent or guardian or siblings should not be a present or retired permanent employee of Government, PSU and Public Limited Company. Student whose parents are working as Labour in construction/factory, Rikshaw Pullers, Hawkers, Drivers, Tailors, Barbers, Plumbers, Security Guards, Peons, Domestic Workers, Contract Labour in Agriculture, Small Farmers and similar workers will be given priority in final selection. The widow’s son/daughter will be given priority. Girls will be given priority. The combined annual income and annual expenses both of the student parents should not exceed Rs 3.50 Lakhs. Student’s parent or guardian or siblings should not be a present or retired permanent employee of Government, PSU and Public Limited Company. Student whose parents are working as Labour in construction/factory,"
23,eligibility,Program Details - Top Neurons,Eligibility Criteria for Selection,https://www.topneurons.org/program-details/,"priority. The combined annual income and annual expenses both of the student parents should not exceed Rs 3.50 Lakhs. Student’s parent or guardian or siblings should not be a present or retired permanent employee of Government, PSU and Public Limited Company. Student whose parents are working as Labour in construction/factory, Rikshaw Pullers, Hawkers, Drivers, Tailors, Barbers, Plumbers, Security Guards, Peons, Domestic Workers, Contract Labour in Agriculture, Small Farmers and similar workers will be given priority in final selection. The widow’s son/daughter will be given priority."
24,program,Program Details - Top Neurons,Top Neurons Yuva Udaan Scholarship Program,https://www.topneurons.org/program-details/,"Coaching: The selected students will get a two-year coaching from Top Coaching Institute of India. Financial Assistance: Our organization is committed to support the selected selected students by bearing the majority of the coaching fees, including tuition, study materials. The students will only be required to pay a nominal fee of 5000 rupees per year. Financial Background: The combined annual income and annual expenses both of the students parents should not exceed Rs 3.00 Lakhs. Coaching: The selected students will get a two-year coaching from Top Coaching Institute of India. Financial Assistance: Our organization is committed to support the selected selected students by bearing the majority of the coaching fees, including tuition, study materials. The students will only be required to pay a nominal fee of 5000 rupees per year. Financial Background: The combined annual income and annual expenses both of the students parents should not exceed Rs 3.00 Lakhs."
25,eligibility,Program Details - Top Neurons,Eligibility,https://www.topneurons.org/program-details/,"Students who have scored in class 10th: 85%, Physically Handicapped Category: 80%. Students who have scored in class 10th: 85%, Physically Handicapped Category: 80%."
26,admission,Program Details - Top Neurons,Application Process:,https://www.topneurons.org/program-details/,"Interested candidates can apply by visiting our website www.topneurons.org and filling out the online application form. Ensure that all necessary details are provided, including academic qualifications and family income information. Hurry up limited seats are available. Interested candidates can apply by visiting our website www.topneurons.org and filling out the online application form. Ensure that all necessary details are provided, including academic qualifications and family income information."
27,exam,Program Details - Top Neurons,Selection Process:,https://www.topneurons.org/program-details/,"Screening: Applications will be carefully reviewed by our selection committee. Prelims Exam: Student have to give online exam, the date of online exam will be published on the website. Mains Exam: Student have to give online exam, the date of online exam will be published on the website. Academic Interview : Shortlisted students will be invited for an interview, during which their academic achievements, aspirations. Financial Background Check: At this stage, the financial background of students will be reviewed and assessed. Final Selection: Based on the overall performance in the application and interview, Students will be selected. Screening: Applications will be carefully reviewed by our selection committee. Prelims Exam: Student have to give online exam, the date of online exam will be published on the website. Mains Exam: Student have to give online exam, the date of online exam will be published on the website. Academic Interview : Shortlisted students will be invited for an interview, during which their academic achievements, aspirations. Financial Background Check: At this stage, the financial background of students will be reviewed and assessed. Final Selection: Based on the overall performance in the application and interview, Students will be selected. The paper will be multiple choice question and will contains 200 Questions. Physics (40 Questions), Chemistry (40 Questions), Biology (40 Questions), Maths (40 Questions), Mental Ability (40 Questions) Important: For Engineering Stream attempt only Physics, Chemistry, Maths and Mental Ability. For Medical Stream attempt only Physics, Chemistry, Biology and Mental Ability. Marking Scheme: For each Correct"
29,admission,Admission & Exam - Top Neurons,Application Stage :,https://www.topneurons.org/admission-exam/,Student should fill the application form and only those will be able to give exam who meets the eligibility criteria mentioned above. For applications students can fill the form through www.topneurons.org Student should fill the application form and only those will be able to give exam who meets the eligibility criteria mentioned above. For applications students can fill the form through www.topneurons.org
30,exam,Admission & Exam - Top Neurons,Top Neurons Prelims Examination:,https://www.topneurons.org/admission-exam/,"Student have to give online exam, the date of online exam will be published on the website. Online Examination Pattern: Subjects: Maths/Biology, Physics, Chemistry, Mental Aptitude Type of Questions: Multiple Choice Questions Total Time: 60 Minutes Total Questions: 60 Student have to give online exam, the date of online exam will be published on the website. Subjects: Maths/Biology, Physics, Chemistry, Mental Aptitude Type of Questions: Multiple Choice Questions"
31,exam,Admission & Exam - Top Neurons,Top Neurons Mains Examination:,https://www.topneurons.org/admission-exam/,"Student have to give online exam, the date of online exam will be published on the website. Online Examination Pattern: Subjects: Maths/Biology, Physics, Chemistry, Mental Aptitude Type of Questions: Multiple Choice Questions Total Time: 60 Minutes Total Questions: 50 Student have to give online exam, the date of online exam will be published on the website. Subjects: Maths/Biology, Physics, Chemistry, Mental Aptitude Type of Questions: Multiple Choice Questions"
32,exam,Admission & Exam - Top Neurons,Academic Interview:,https://www.topneurons.org/admission-exam/,The academic interview will take place after successfully clearing the mains examination. It will primarily involve subject-related questions and will be conducted in a subjective Q&A format. The duration of the interview is expected to be 15–30 minutes. The academic interview will take place after successfully clearing the mains examination. It will primarily involve subject-related questions and will be conducted in a subjective Q&A format. The duration of the interview is expected to be 15–30 minutes.
33,eligibility,Admission & Exam - Top Neurons,Financial Background Verification Stage :,https://www.topneurons.org/admission-exam/,"Family Information : Students will be asked to give more detail about their family etc. Documents Required : Proof of Income will have to be provided such as electricity bills, ration card, school principal’s recommendation letter, Income Certificate of Parents, BPL Card, School Receipt. Interview : The committee of Top Neurons program will visit the family of each selected student or through video calling to know the family financial status of the students. They will assess what kind of student’s family background is, and after all information and investigation, committee will decide and the decision will be final and valid. Family Information : Students will be asked to give more detail about their family etc. Documents Required : Proof of Income will have to be provided such as electricity bills, ration card, school principal’s recommendation letter, Income Certificate of Parents, BPL Card, School Receipt. Interview : The committee of Top Neurons program will visit the family of each selected student or through video calling to know the family financial status of the students. They will assess what kind of student’s family background is, and after all information and investigation, committee will decide and the decision will be final and valid."
35,exam,FAQs - Top Neurons,FAQs,https://www.topneurons.org/faqs/,"Students who are currently studying in class 10th anywhere in India and wish to take science subject in class 11th and 12th. Students who have secured 85% or above/Grade A or above/CGPA 8 or above in standard 9th in year 2022 are eligible. The exams will be conducted and for the details you need to check our website. Currently, there is no last date as of now, you can visit our website for more details. The program is only for those students who are currently in class 10th can apply in this program. The student who are between age of 12 – 15 years can only apply. Student should only contact as per below information. Student should not directly contact P.G and Coaching Institute. Email: info@topneurons.org M – 9358699209, 9358699210 Top Neurons will provide 100% free coaching and P.G Facility. Top neurons is an NGO and registered charitable Organization. It is not a commercial institute. Top Neurons gets the money from the donors for charity purposes. The paper will be multiple choice question and will contains 200 Questions. Physics (40 Questions), Chemistry (40 Questions), Biology (40 Questions), Maths (40 Questions), Mental Ability (40 Questions) Important: For Engineering Stream attempt only Physics, Chemistry, Maths and Mental Ability. For Medical Stream attempt only Physics, Chemistry, Biology and Mental Ability. Marking Scheme: For each Correct Answer: 4 Marks and For each incorrect answer: -1 Mark पेपर में बहुविकल्पीय प्रश्न होंगे और इसमें 200 प्रश्न होंगे। भौतिकी (40 प्रश्न), रसायन विज्ञान (40 प्रश्न), जीव"
38,eligibility,Notice Board - Top Neurons,Notice Board,https://www.topneurons.org/notice-board/,"The Eligibility Criterion for Application is Changed: Students who passed Class 10 (CBSE Board) in the 2025–26 academic session with 85% or above may apply. For other state boards, Minimum passing marks is 90%. For those boards where the results has not been declared, Class 9 marks will be considered. Top Neurons Batch 7 Phase 1 & Phase 2 2026 Mains Exam Online Result Declared - 13 April 2026. To view the result click here Top Neurons Batch 7 Phase 1 & Phase 2 2026 Preliminary Exam Online Result Declared - 13 April 2026. To view the result click here RBSE Board Class 10th (2025-26) results have been declared. Only students who have secured 92% or above in Science and Maths can apply for Prelims Exam. Top Neurons Batch 7 Phase 1 & Phase 2 2026 Preliminary Exam Online Result Declared - 24 Mar 2026. To view the result click here Top Neurons Batch 7 Phase 1 2026 Mains Exam Online Result Declared - 18 March 2026. To view the result click here Top Neurons Batch 7 Phase 1 2026 Preliminary Exam Online Result Declared - 17 Feb 2026. To view the result click here Top Neurons Phase–2 Online Application Form opens on 16 January 2026 and Phase–1 Preliminary Exam will be conducted from 15 January 2026. Top Neurons Batch-7 Phase 1 Online Application Form Last Date: 15 Jan 2026 Applications for Batch-7 (2026-2028) are now open. Last Date to apply in Top Neurons Program is 30th June 2025. CBSE"
39,eligibility,Notice Board - Top Neurons,Notice Board,https://www.topneurons.org/notice-board/,"Form opens on 16 January 2026 and Phase–1 Preliminary Exam will be conducted from 15 January 2026. Top Neurons Batch-7 Phase 1 Online Application Form Last Date: 15 Jan 2026 Applications for Batch-7 (2026-2028) are now open. Last Date to apply in Top Neurons Program is 30th June 2025. CBSE Class 10 (2024-25) students with 90%+ overall and 95%+ in Science & Maths are exempt from Prelims; those with 94%+ overall and 97%+ in Science & Maths can directly appear for the Interview. For Other Boards, these qualifying percentage will be adjusted as per the Board’s difficulty level. In case the Class 10 board results are not yet declared, Class 9 marks may be considered for provisional eligibility. The deadline for submitting the application form has been extended. The new last date will be announced on the website shortly. Top Neurons Batch-6 Phase 1 2025 Mains Exam Online Result Declared - 7 May 2025. To view the result click here Top Neurons Batch - 6 Phase 2 Online Application Form Last Date: 11 May 2025 Top Neurons Batch 6 Phase 1 2025 Preliminary Exam Online Result Declared - 26 March 2025. To view the result click here Top Neurons Batch 6 Phase 2 Preliminary Exam is scheduled to take place starting from 26th March 2025. Top Neurons Online Preliminary Examination 2025 results for applications received until Phase 1 will be declared on 26 March 2025. Top Neurons Batch 6 Phase 1 Preliminary Exam is scheduled to take place starting from"
40,eligibility,Notice Board - Top Neurons,Notice Board,https://www.topneurons.org/notice-board/,6 Phase 2 Preliminary Exam is scheduled to take place starting from 26th March 2025. Top Neurons Online Preliminary Examination 2025 results for applications received until Phase 1 will be declared on 26 March 2025. Top Neurons Batch 6 Phase 1 Preliminary Exam is scheduled to take place starting from 12th February 2025. Top Neurons Phase 2 Online Application Form Opened: 5 February 2025 and Phase 1 Preliminary Exams will be conducted soon. Top Neurons Batch - 6 Phase 1 Online Application Form Last Date: 31 Jan 2025 Applications for Batch-6 (2025-2027) opened. Applications for Batch-6 (2025-2027) will be opened on 4 December 2024. Congratulations to the Top Neurons Students on your selection to Elite Institutes in 2024! To view details click here Top Neurons Phase 1 2024 Prelims Online Result Declared - 6 April 2024. To view the result click here Top Neurons Phase 1 2024 Prelims Online Result Declared - 16 March 2024. To view the result click here Top Neurons Online Preliminary Examination 2024 results for applications received until Phase 1 will be declared on 16 March 2024. The online application for Phase 2 of Top Neurons Parinde Pink City Jaipur will commence on 5th February 2024. The selection process for the applications received during Phase 1 (till dated 28th January 2024) for Top Neurons Parinde Pink City Jaipur is currently underway. Students will be notified soon. Top Neurons Parinde Pink City Program Phase 1 Online Application Form Last Date: 28 Jan 2024 Applications open for Top
41,eligibility,Notice Board - Top Neurons,Notice Board,https://www.topneurons.org/notice-board/,"The selection process for the applications received during Phase 1 (till dated 28th January 2024) for Top Neurons Parinde Pink City Jaipur is currently underway. Students will be notified soon. Top Neurons Parinde Pink City Program Phase 1 Online Application Form Last Date: 28 Jan 2024 Applications open for Top Neurons Parinde Pink City Program for Academic Year 2023-24. Application Closed for Top Neurons Parinde Pink city Program/Application Open for Top Neurons Yuva Udaan Scholarship Program. To view the result click here Top Neurons Interview Result Declared List- 2 -16 June 2023. To view the result click here Top Neurons Interview Result Declared - 10 June 2023. To view the result click here Top Neurons Mains Phase-1&2 Exam Result 2023 List 4, Result Declared - 09 June 2023. To view the result click here Top Neurons Mains Phase-1&2 Exam Result 2023 List 3, Result Declared - 30 May 2023. To view the result click here Top Neurons Mains Phase-1&2 Exam Result 2023 List 2, Result Declared - 19 May 2023. To view the result click here Top Neurons Mains Phase-1&2 Exam Result 2023 List 1, Result Declared - 17 May 2023. To view the result click here Top Neurons 2023 Students moving from 11th Standard to 12th Standard Result Declared - 8 May 2023. To view the result click here Special Selection Scheme for JNV Students. Click here to see the List Top Neurons Phase 2 2023 Prelims Result Declared - 8 April 2023. To view the result click here"
42,eligibility,Notice Board - Top Neurons,Notice Board,https://www.topneurons.org/notice-board/,"Students moving from 11th Standard to 12th Standard Result Declared - 8 May 2023. To view the result click here Special Selection Scheme for JNV Students. Click here to see the List Top Neurons Phase 2 2023 Prelims Result Declared - 8 April 2023. To view the result click here Top Neurons 2023 Students moving from 11th Standard to 12th Standard Result Declared - 18 March 2023. To view the result click here Top Neurons Phase 1 2023 Prelims Online Result Declared - 11 Feb 2023. To view the result click here We have very limited seats for the students who are currently studying in 11th class (2022-23). Their online exam will be conducted around mid of March 2023. Please keep checking our website and your application status regularly for further updates. Top Neurons Phase 1 Demo Test will be conducted on 27 Jan 2023 4 PM - 5 PM. Exam Website: https://assessment.eklavvya.com/ Top Neurons Phase 1 Application forms are closed. Top Neurons Phase 2 Online Applications are invited from 25 Jan 2023, Application Form Last Date 7 Feb 2023. Top Neurons Phase 1 Prelims Exam will be conducted on 28 Jan 2023 4 PM - 6 PM. Exam Website: https://assessment.eklavvya.com/ JEE Students should not attempt Biology, NEET Students should not attempt Maths, Not Yet Decided Students should attempt all 5 Subjects. There will be no negative marking in the exam. Top Neurons Phase 1 Online Application Form Last Date: 24 Jan 2023 Applications for Batch-4 (2023-2025) are opened now."
43,eligibility,Notice Board - Top Neurons,Notice Board,https://www.topneurons.org/notice-board/,"https://assessment.eklavvya.com/ JEE Students should not attempt Biology, NEET Students should not attempt Maths, Not Yet Decided Students should attempt all 5 Subjects. There will be no negative marking in the exam. Top Neurons Phase 1 Online Application Form Last Date: 24 Jan 2023 Applications for Batch-4 (2023-2025) are opened now. Applications for Batch-4 (2023-2025) will be opened on 8 December 2022. Top Neurons Application Forms are closed for Year 2022. Top Neurons Application Form for Year 2022 Phase 4 has been opened now. Top Neurons Phase 3, 2022 Interview Revise Result Declared - 20 July 2022. To view the result click here Top Neurons Phase 3 Mains Examination Dated 2 July 2022 Online Result Declared - 5 July 2022. To view the result click here Top Neurons Phase 3 Prelims Examination Dated 25 June 2022 Online Result Declared - 29 June 2022. To view the result click here Top Neurons Phase 3 Mains Examination will be conducted on 2 July 2022 4 PM - 6 PM. Exam Website: https://assessment.eklavvya.com/ Phase 3 Prelims Result will be declared by 29 June 2022 latest by 8 PM. Top Neurons Phase 3 Prelims Examination will be conducted on 25 June 2022 2022 4 PM - 6 PM. Exam Website: https://assessment.eklavvya.com/ A mock test will also be conducted for eligible students on 24 June 2022 4 PM - 5 PM. Top Neurons Phase 3 Online Application Form Last Date has been extended from 18 June 2022 to 22 June 2022. Top Neurons Phase 1 and"
44,eligibility,Notice Board - Top Neurons,Notice Board,https://www.topneurons.org/notice-board/,"- 6 PM. Exam Website: https://assessment.eklavvya.com/ A mock test will also be conducted for eligible students on 24 June 2022 4 PM - 5 PM. Top Neurons Phase 3 Online Application Form Last Date has been extended from 18 June 2022 to 22 June 2022. Top Neurons Phase 1 and Phase 2 2022 Coaching Classes will start from 22nd June 2022 in Allen Career Institute, Jaipur, Rajasthan. Top Neurons Phase 1 and Phase 2 2022 Interview Revised Result Declared - 20 June 2022. To view the result click here Top Neurons Phase 1 and Phase 2 Revised List of Students shortlisted under Top Neurons Yuva Scholarship Program ""Udaan"" - 20 June 2022. To view the list click here Top Neurons Phase 2 Mains Examination Dated 16 April 2022 Online Result Declared - 10 May 2022. To view the result click here Top Neurons Phase 1 Conditional List Students Examination Dated 21 April 2022 Online Result Declared - 6 May 2022. To view the result click here Information for Phase 1 - 2022 Mains Exams Shortlisted Students: Interview will only be conducted of those students who have filled their additional documents on our website. Notice Dated: 23 April 2022 Top Neurons Phase 2 Mains Examination will be conducted on 16 April 2022 4 PM - 6 PM. Exam Website: https://assessment.eklavvya.com/ Top Neurons Phase 2 Prelims Examination Dated 2 April 2022 Online Result Declared - 13 April 2022. To view the result click here Top Neurons Phase 1 Mains Examination Dated 22"
45,eligibility,Notice Board - Top Neurons,Notice Board,https://www.topneurons.org/notice-board/,"Phase 2 Mains Examination will be conducted on 16 April 2022 4 PM - 6 PM. Exam Website: https://assessment.eklavvya.com/ Top Neurons Phase 2 Prelims Examination Dated 2 April 2022 Online Result Declared - 13 April 2022. To view the result click here Top Neurons Phase 1 Mains Examination Dated 22 March 2022 Online Revised Result 1.1 Declared - 9 April 2022. To view the result click here Top Neurons Phase 1 Mains Examination Dated 22 March 2022 Online Result Declared. To view the result click here Top Neurons Phase 2 Prelims Exam will be conducted on 2 April 2022 5 PM - 7 PM. Exam Website: https://assessment.eklavvya.com/ Top Neurons Phase 2 Application Form Last Date has been extended to 31 March 2022. Top Neurons Phase 1 Mains Examination will be conducted on 22 March 2022 5 PM - 7 PM. Exam Website: https://assessment.eklavvya.com/ Top Neurons Phase 1 Prelims Examination Dated 27 Feb 2022 Online Result Declared. To view the result click here Top Neurons Phase 2 Application Form Last Date: 23 March 2022 Top Neurons Phase 1 Prelims Examination Dated 27 Feb 2022 4PM - 6 PM, The result will be declared after 14th March 2022. Please keep visiting our website for more updates. Top Neurons Phase 1 Online Application Form Last Date: 23 Feb 2022 Top Neurons Phase 1 Prelims Exam will be conducted on 27th Feb 4 PM - 6 PM. Exam Website: https://assessment.eklavvya.com/ Top Neurons Application Forms for Year 2022 Phase 1 has been opened now. The"
46,eligibility,Notice Board - Top Neurons,Notice Board,https://www.topneurons.org/notice-board/,"website for more updates. Top Neurons Phase 1 Online Application Form Last Date: 23 Feb 2022 Top Neurons Phase 1 Prelims Exam will be conducted on 27th Feb 4 PM - 6 PM. Exam Website: https://assessment.eklavvya.com/ Top Neurons Application Forms for Year 2022 Phase 1 has been opened now. The Eligibility Criterion for Application is Changed: Students who passed Class 10 (CBSE Board) in the 2025–26 academic session with 85% or above may apply. For other state boards, Minimum passing marks is 90%. For those boards where the results has not been declared, Class 9 marks will be considered. Top Neurons Batch 7 Phase 1 & Phase 2 2026 Mains Exam Online Result Declared - 13 April 2026. To view the result click here Top Neurons Batch 7 Phase 1 & Phase 2 2026 Preliminary Exam Online Result Declared - 13 April 2026. To view the result click here RBSE Board Class 10th (2025-26) results have been declared. Only students who have secured 92% or above in Science and Maths can apply for Prelims Exam. Top Neurons Batch 7 Phase 1 & Phase 2 2026 Preliminary Exam Online Result Declared - 24 Mar 2026. To view the result click here Top Neurons Batch 7 Phase 1 2026 Mains Exam Online Result Declared - 18 March 2026. To view the result click here Top Neurons Batch 7 Phase 1 2026 Preliminary Exam Online Result Declared - 17 Feb 2026. To view the result click here Top Neurons Phase–2 Online Application Form"
47,eligibility,Notice Board - Top Neurons,Notice Board,https://www.topneurons.org/notice-board/,"Top Neurons Batch 7 Phase 1 2026 Mains Exam Online Result Declared - 18 March 2026. To view the result click here Top Neurons Batch 7 Phase 1 2026 Preliminary Exam Online Result Declared - 17 Feb 2026. To view the result click here Top Neurons Phase–2 Online Application Form opens on 16 January 2026 and Phase–1 Preliminary Exam will be conducted from 15 January 2026. Top Neurons Batch-7 Phase 1 Online Application Form Last Date: 15 Jan 2026 Applications for Batch-7 (2026-2028) are now open. Last Date to apply in Top Neurons Program is 30th June 2025. CBSE Class 10 (2024-25) students with 90%+ overall and 95%+ in Science & Maths are exempt from Prelims; those with 94%+ overall and 97%+ in Science & Maths can directly appear for the Interview. For Other Boards, these qualifying percentage will be adjusted as per the Board’s difficulty level. In case the Class 10 board results are not yet declared, Class 9 marks may be considered for provisional eligibility. The deadline for submitting the application form has been extended. The new last date will be announced on the website shortly. Top Neurons Batch-6 Phase 1 2025 Mains Exam Online Result Declared - 7 May 2025. To view the result click here Top Neurons Batch - 6 Phase 2 Online Application Form Last Date: 11 May 2025 Top Neurons Batch 6 Phase 1 2025 Preliminary Exam Online Result Declared - 26 March 2025. To view the result click here Top Neurons Batch 6"
48,eligibility,Notice Board - Top Neurons,Notice Board,https://www.topneurons.org/notice-board/,7 May 2025. To view the result click here Top Neurons Batch - 6 Phase 2 Online Application Form Last Date: 11 May 2025 Top Neurons Batch 6 Phase 1 2025 Preliminary Exam Online Result Declared - 26 March 2025. To view the result click here Top Neurons Batch 6 Phase 2 Preliminary Exam is scheduled to take place starting from 26th March 2025. Top Neurons Online Preliminary Examination 2025 results for applications received until Phase 1 will be declared on 26 March 2025. Top Neurons Batch 6 Phase 1 Preliminary Exam is scheduled to take place starting from 12th February 2025. Top Neurons Phase 2 Online Application Form Opened: 5 February 2025 and Phase 1 Preliminary Exams will be conducted soon. Top Neurons Batch - 6 Phase 1 Online Application Form Last Date: 31 Jan 2025 Applications for Batch-6 (2025-2027) opened. Applications for Batch-6 (2025-2027) will be opened on 4 December 2024. Congratulations to the Top Neurons Students on your selection to Elite Institutes in 2024! To view details click here Top Neurons Phase 1 2024 Prelims Online Result Declared - 6 April 2024. To view the result click here Top Neurons Phase 1 2024 Prelims Online Result Declared - 16 March 2024. To view the result click here Top Neurons Online Preliminary Examination 2024 results for applications received until Phase 1 will be declared on 16 March 2024. The online application for Phase 2 of Top Neurons Parinde Pink City Jaipur will commence on 5th February 2024. The
49,eligibility,Notice Board - Top Neurons,Notice Board,https://www.topneurons.org/notice-board/,"- 16 March 2024. To view the result click here Top Neurons Online Preliminary Examination 2024 results for applications received until Phase 1 will be declared on 16 March 2024. The online application for Phase 2 of Top Neurons Parinde Pink City Jaipur will commence on 5th February 2024. The selection process for the applications received during Phase 1 (till dated 28th January 2024) for Top Neurons Parinde Pink City Jaipur is currently underway. Students will be notified soon. Top Neurons Parinde Pink City Program Phase 1 Online Application Form Last Date: 28 Jan 2024 Applications open for Top Neurons Parinde Pink City Program for Academic Year 2023-24. Application Closed for Top Neurons Parinde Pink city Program/Application Open for Top Neurons Yuva Udaan Scholarship Program. To view the result click here Top Neurons Interview Result Declared List- 2 -16 June 2023. To view the result click here Top Neurons Interview Result Declared - 10 June 2023. To view the result click here Top Neurons Mains Phase-1&2 Exam Result 2023 List 4, Result Declared - 09 June 2023. To view the result click here Top Neurons Mains Phase-1&2 Exam Result 2023 List 3, Result Declared - 30 May 2023. To view the result click here Top Neurons Mains Phase-1&2 Exam Result 2023 List 2, Result Declared - 19 May 2023. To view the result click here Top Neurons Mains Phase-1&2 Exam Result 2023 List 1, Result Declared - 17 May 2023. To view the result click here Top Neurons 2023 Students"
50,eligibility,Notice Board - Top Neurons,Notice Board,https://www.topneurons.org/notice-board/,"the result click here Top Neurons Mains Phase-1&2 Exam Result 2023 List 2, Result Declared - 19 May 2023. To view the result click here Top Neurons Mains Phase-1&2 Exam Result 2023 List 1, Result Declared - 17 May 2023. To view the result click here Top Neurons 2023 Students moving from 11th Standard to 12th Standard Result Declared - 8 May 2023. To view the result click here Special Selection Scheme for JNV Students. Click here to see the List Top Neurons Phase 2 2023 Prelims Result Declared - 8 April 2023. To view the result click here Top Neurons 2023 Students moving from 11th Standard to 12th Standard Result Declared - 18 March 2023. To view the result click here Top Neurons Phase 1 2023 Prelims Online Result Declared - 11 Feb 2023. To view the result click here We have very limited seats for the students who are currently studying in 11th class (2022-23). Their online exam will be conducted around mid of March 2023. Please keep checking our website and your application status regularly for further updates. Top Neurons Phase 1 Demo Test will be conducted on 27 Jan 2023 4 PM - 5 PM. Exam Website: https://assessment.eklavvya.com/ Top Neurons Phase 1 Application forms are closed. Top Neurons Phase 2 Online Applications are invited from 25 Jan 2023, Application Form Last Date 7 Feb 2023. Top Neurons Phase 1 Prelims Exam will be conducted on 28 Jan 2023 4 PM - 6 PM. Exam Website: https://assessment.eklavvya.com/"
51,eligibility,Notice Board - Top Neurons,Notice Board,https://www.topneurons.org/notice-board/,"Website: https://assessment.eklavvya.com/ Top Neurons Phase 1 Application forms are closed. Top Neurons Phase 2 Online Applications are invited from 25 Jan 2023, Application Form Last Date 7 Feb 2023. Top Neurons Phase 1 Prelims Exam will be conducted on 28 Jan 2023 4 PM - 6 PM. Exam Website: https://assessment.eklavvya.com/ JEE Students should not attempt Biology, NEET Students should not attempt Maths, Not Yet Decided Students should attempt all 5 Subjects. There will be no negative marking in the exam. Top Neurons Phase 1 Online Application Form Last Date: 24 Jan 2023 Applications for Batch-4 (2023-2025) are opened now. Applications for Batch-4 (2023-2025) will be opened on 8 December 2022. Top Neurons Application Forms are closed for Year 2022. Top Neurons Application Form for Year 2022 Phase 4 has been opened now. Top Neurons Phase 3, 2022 Interview Revise Result Declared - 20 July 2022. To view the result click here Top Neurons Phase 3 Mains Examination Dated 2 July 2022 Online Result Declared - 5 July 2022. To view the result click here Top Neurons Phase 3 Prelims Examination Dated 25 June 2022 Online Result Declared - 29 June 2022. To view the result click here Top Neurons Phase 3 Mains Examination will be conducted on 2 July 2022 4 PM - 6 PM. Exam Website: https://assessment.eklavvya.com/ Phase 3 Prelims Result will be declared by 29 June 2022 latest by 8 PM. Top Neurons Phase 3 Prelims Examination will be conducted on 25 June 2022 2022 4 PM -"
52,eligibility,Notice Board - Top Neurons,Notice Board,https://www.topneurons.org/notice-board/,"3 Mains Examination will be conducted on 2 July 2022 4 PM - 6 PM. Exam Website: https://assessment.eklavvya.com/ Phase 3 Prelims Result will be declared by 29 June 2022 latest by 8 PM. Top Neurons Phase 3 Prelims Examination will be conducted on 25 June 2022 2022 4 PM - 6 PM. Exam Website: https://assessment.eklavvya.com/ A mock test will also be conducted for eligible students on 24 June 2022 4 PM - 5 PM. Top Neurons Phase 3 Online Application Form Last Date has been extended from 18 June 2022 to 22 June 2022. Top Neurons Phase 1 and Phase 2 2022 Coaching Classes will start from 22nd June 2022 in Allen Career Institute, Jaipur, Rajasthan. Top Neurons Phase 1 and Phase 2 2022 Interview Revised Result Declared - 20 June 2022. To view the result click here Top Neurons Phase 1 and Phase 2 Revised List of Students shortlisted under Top Neurons Yuva Scholarship Program ""Udaan"" - 20 June 2022. To view the list click here Top Neurons Phase 2 Mains Examination Dated 16 April 2022 Online Result Declared - 10 May 2022. To view the result click here Top Neurons Phase 1 Conditional List Students Examination Dated 21 April 2022 Online Result Declared - 6 May 2022. To view the result click here Information for Phase 1 - 2022 Mains Exams Shortlisted Students: Interview will only be conducted of those students who have filled their additional documents on our website. Notice Dated: 23 April 2022 Top Neurons Phase"
53,eligibility,Notice Board - Top Neurons,Notice Board,https://www.topneurons.org/notice-board/,"April 2022 Online Result Declared - 6 May 2022. To view the result click here Information for Phase 1 - 2022 Mains Exams Shortlisted Students: Interview will only be conducted of those students who have filled their additional documents on our website. Notice Dated: 23 April 2022 Top Neurons Phase 2 Mains Examination will be conducted on 16 April 2022 4 PM - 6 PM. Exam Website: https://assessment.eklavvya.com/ Top Neurons Phase 2 Prelims Examination Dated 2 April 2022 Online Result Declared - 13 April 2022. To view the result click here Top Neurons Phase 1 Mains Examination Dated 22 March 2022 Online Revised Result 1.1 Declared - 9 April 2022. To view the result click here Top Neurons Phase 1 Mains Examination Dated 22 March 2022 Online Result Declared. To view the result click here Top Neurons Phase 2 Prelims Exam will be conducted on 2 April 2022 5 PM - 7 PM. Exam Website: https://assessment.eklavvya.com/ Top Neurons Phase 2 Application Form Last Date has been extended to 31 March 2022. Top Neurons Phase 1 Mains Examination will be conducted on 22 March 2022 5 PM - 7 PM. Exam Website: https://assessment.eklavvya.com/ Top Neurons Phase 1 Prelims Examination Dated 27 Feb 2022 Online Result Declared. To view the result click here Top Neurons Phase 2 Application Form Last Date: 23 March 2022 Top Neurons Phase 1 Prelims Examination Dated 27 Feb 2022 4PM - 6 PM, The result will be declared after 14th March 2022. Please keep visiting our website"
56,eligibility,Application Form - Top Neurons,Application Form,https://www.topneurons.org/apply-for-scholarship/,"Students who passed Class 10th in the 2025–26 academic session with 85% or above, and whose parents combined annual income is below INR 3,50,000 are eligible. For those Boards, where the results has not been declared, Class 9th marks will be considered."
58,exam,Get Involved - Top Neurons,Volunteer,https://www.topneurons.org/get-involved/,Help Students academically. Administrative Work. Mentors who can motivate students and give them moral values. Those who have clear JEE/ NEET and help us in Selection and short-listing process. Mentors who can motivate students and give them moral values. Those who have clear JEE/ NEET and help us in Selection and short-listing process.
61,exam,Our Partners - Top Neurons,Narayana,https://www.topneurons.org/our-partners/,"Narayana Coaching Center are the best coaching centre to choose for IIT & NEET Aspirants with excellent track record of outstanding results over four decades in NEET, IIT- JEE entrance exams and other competitive exams."
62,about,Our Partners - Top Neurons,Yuva Unstoppable,https://www.topneurons.org/our-partners/,"Yuva Unstoppable is a premier non-profit with a mission to enhance self-belief, gratitude, and compassion among children and all stakeholders. Their vision is to transform 10,000 schools & impact 5M kids."
63,exam,Our Partners - Top Neurons,Physics Galaxy,https://www.topneurons.org/our-partners/,which aims to provide useful content in physics subject for all those who are desirous of enhancing academic prowess in the subject via technological mediums from any place.
64,exam,Our Partners - Top Neurons,Pratham Software,https://www.topneurons.org/our-partners/,"Pratham Software (PSI) is a global provider of software solutions for various segments including OPD, BPM, ADM, ISV, Web & Multimedia, Testing, and Consulting Services."
65,benefits,Our Partners - Top Neurons,Sitare Foundation,https://www.topneurons.org/our-partners/,"Sitare Foundation believe that every child must have the opportunity to receive a quality education. Project Hope aims to identify the most deserving, underprivileged children, and provide them with education through scholarships. Sitare make sure that they attend some of the best private schools in their respective cities to receive the best education at par with international standards."
66,benefits,Our Partners - Top Neurons,Foundation for Excellence,https://www.topneurons.org/our-partners/,"The Foundation for Excellence (FFE) provides scholarships to financially disadvantaged yet promising students in Engineering, Medical, BPharm, and Law programs. Supported by alumni and global donors, FFE empowers the next generation of leaders in India’s most demanding fields."
68,exam,About Pratham Shiksha Charitable Trust | Education NGO in Jaipur,Registration Details,https://www.topneurons.org/legal/,"Registered With: Sub-RegistrarType of NPO: Trust Registration No: 2005005455Act Name: Indian Trust Act City of Registration: JaipurState of Registration: Rajasthan is dedicated to improving the lives of underprivileged communities through education and social welfare initiatives. Established with the vision of creating equal opportunities for all, the trust works towards empowering talented students from economically weaker backgrounds. The organization focuses on identifying bright students who lack access to quality educational resources and providing them with the support they need to achieve their academic goals. Through its initiatives, the trust strives to bridge the gap between talent and opportunity by offering guidance, mentorship, and access to quality learning opportunities. One of the key initiatives supported by the trust is Top Neurons, a program designed to help academically talented students prepare for competitive examinations such as engineering and medical entrance tests. The initiative provides comprehensive academic support, mentorship, and accommodation facilities to ensure that deserving students can pursue their dreams regardless of their financial circumstances. In its mission to expand the impact of education and social upliftment, Pratham Shiksha Charitable Trust collaborates with Prem Shanti Charitable Trust, sharing a common vision of empowering youth through education and creating long-term positive change in society. Through its continued efforts, the trust remains committed to nurturing talent, promoting educational excellence, and contributing to the overall development of society. The paper will be multiple choice question and will contains 200 Questions. Physics (40 Questions), Chemistry (40 Questions), Biology (40 Questions), Maths (40 Questions), Mental Ability (40 Questions)"
70,benefits,Importance of Free Education for Talented Students - Top Neurons,Importance of Free Education for Talented Students,https://www.topneurons.org/importance-of-free-education-for-talented-students-2/,"Education is one of the most powerful tools for personal growth and social development. It provides individuals with knowledge, skills, and opportunities that can transform their lives and help them contribute positively to society. In a diverse and developing country like India, many talented students come from economically weaker backgrounds and face significant challenges in accessing quality education. For such students, free education programs play a crucial role in unlocking their potential and helping them achieve their dreams. Free education initiatives ensure that financial limitations do not prevent talented and hardworking students from pursuing academic excellence. By providing access to learning resources, mentorship, and academic support, these programs help students build a brighter future for themselves and their communities."
71,program,Importance of Free Education for Talented Students - Top Neurons,Equal Opportunities for Talented Students,https://www.topneurons.org/importance-of-free-education-for-talented-students-2/,"Every year, many students demonstrate exceptional academic abilities and strong determination to succeed. However, not all students have the same access to educational resources. Students from low-income families often struggle to afford quality schools, coaching classes, books, and other study materials. Free education programs help bridge this gap by providing deserving students with the support they need. These initiatives create equal opportunities for students regardless of their financial background. When talented students receive the right guidance and resources, they are able to compete with others on an equal platform and pursue their academic goals with confidence. Providing equal access to education ensures that talent and hard work are rewarded rather than limited by financial constraints."
72,exam,Importance of Free Education for Talented Students - Top Neurons,Supporting Competitive Exam Preparation,https://www.topneurons.org/importance-of-free-education-for-talented-students-2/,"In India, many students aspire to build careers in engineering and medicine. To achieve these goals, they must clear highly competitive entrance exams such as the Joint Entrance Examination (JEE) and the National Eligibility cum Entrance Test (NEET). Preparing for these exams often requires specialized coaching, structured study plans, and access to quality study materials. Unfortunately, the cost of professional coaching institutes can be very high, making it difficult for talented students from economically weaker families to access proper guidance. Free education initiatives and coaching programs help address this issue by offering structured academic support without financial burden. These programs provide classroom coaching, study materials, regular tests, and mentorship that help students strengthen their understanding of subjects like Physics, Chemistry, Mathematics, and Biology. As a result, talented students are able to prepare effectively for competitive exams and pursue their dreams of entering top institutions."
73,benefits,Importance of Free Education for Talented Students - Top Neurons,Encouraging Social Mobility,https://www.topneurons.org/importance-of-free-education-for-talented-students-2/,"Free education for talented students also plays an important role in improving social mobility. When students from disadvantaged backgrounds receive quality education, they gain opportunities to pursue professional careers and improve their living conditions. Education empowers individuals to break the cycle of poverty and create better opportunities for themselves and their families. Many successful professionals in India have overcome financial hardships through scholarships and free educational programs. When talented students receive educational support, they not only improve their own lives but also inspire others in their communities to value education and aim for higher goals."
74,about,Importance of Free Education for Talented Students - Top Neurons,Role of Educational Organizations and NGOs,https://www.topneurons.org/importance-of-free-education-for-talented-students-2/,"Educational organizations and non-governmental initiatives have played a significant role in promoting free education for deserving students. These organizations focus on identifying talented students who lack financial resources and providing them with academic support and mentorship. For example, initiatives such as Top Neurons, supported by Pratham Shiksha Charitable Trust, aim to empower academically talented students by offering structured guidance and educational opportunities. Such programs help students prepare for competitive examinations and pursue higher education without financial barriers. By providing mentorship, study resources, and a supportive learning environment, educational initiatives like these help students build confidence and achieve their academic aspirations."
75,benefits,Importance of Free Education for Talented Students - Top Neurons,Strengthening the Nation Through Education,https://www.topneurons.org/importance-of-free-education-for-talented-students-2/,"Investing in the education of talented students benefits not only individuals but also the nation as a whole. When capable students receive the opportunity to develop their skills and knowledge, they contribute to innovation, economic growth, and social progress. Engineers, doctors, scientists, teachers, and other professionals who emerge from strong educational backgrounds help drive the development of the country. Supporting talented students through free education programs ensures that the nation does not lose valuable potential due to financial limitations. Encouraging education among young minds also promotes a culture of learning, curiosity, and innovation that is essential for national development."
77,benefits,Why Educational NGOs Are Important in India - Top Neurons,Why Educational NGOs Are Important in India,https://www.topneurons.org/why-educational-ngos-are-important-in-india/,"Education plays a crucial role in the development of individuals and society. In a country like India, where millions of students come from diverse economic and social backgrounds, access to quality education is not always equal. While government initiatives and private institutions contribute significantly to the education system, many students still face challenges such as financial constraints, lack of resources, and limited access to proper guidance. This is where educational non-governmental organizations (NGOs) play a vital role. Educational NGOs work to bridge the gap between opportunity and access by supporting students who need help the most. Through various initiatives, these organizations help talented and deserving students receive the education they need to build a better future."
78,benefits,Why Educational NGOs Are Important in India - Top Neurons,Improving Access to Quality Education,https://www.topneurons.org/why-educational-ngos-are-important-in-india/,"One of the primary reasons educational NGOs are important is that they improve access to quality education for underprivileged students. Many children in rural areas or economically weaker families do not have access to good schools, study materials, or experienced teachers. Educational NGOs help overcome these barriers by providing free learning programs, scholarships, and academic resources. By focusing on communities that lack educational support, NGOs ensure that more students get the opportunity to learn, grow, and achieve their academic goals. This helps create a more inclusive education system where every child has a chance to succeed."
79,exam,Why Educational NGOs Are Important in India - Top Neurons,Supporting Talented Students,https://www.topneurons.org/why-educational-ngos-are-important-in-india/,"Many students in India are academically talented but cannot afford expensive coaching or higher education. Educational NGOs identify such students and support them through scholarships, mentorship programs, and free coaching classes. For example, some NGOs run programs that help students prepare for competitive exams like the Joint Entrance Examination (JEE) and the National Eligibility cum Entrance Test (NEET). These exams require strong preparation and proper guidance, which may not always be accessible to students from low-income families. By providing academic support and mentorship, NGOs help these students compete on an equal platform with others who may have access to expensive coaching institutions."
80,benefits,Why Educational NGOs Are Important in India - Top Neurons,Promoting Equal Opportunities,https://www.topneurons.org/why-educational-ngos-are-important-in-india/,"Education has the power to transform lives, but unequal access to educational resources can create significant social gaps. Educational NGOs work to reduce this inequality by promoting equal learning opportunities. These organizations focus on empowering students from marginalized communities, rural regions, and economically weaker backgrounds. By doing so, they help break the cycle of poverty and enable students to pursue meaningful careers. Providing equal access to education not only benefits individuals but also strengthens society as a whole. Educated individuals are better equipped to contribute positively to economic growth and social development."
81,program,Why Educational NGOs Are Important in India - Top Neurons,Providing Mentorship and Guidance,https://www.topneurons.org/why-educational-ngos-are-important-in-india/,"Apart from academic support, NGOs often provide mentorship and career guidance to students. Many young students are unaware of career options or the steps required to achieve their goals. NGOs help bridge this gap by offering counseling sessions, mentorship programs, and career awareness initiatives. Mentors guide students in setting realistic goals, managing their studies, and staying motivated during challenging times. This support plays an important role in building confidence and helping students make informed decisions about their future."
82,about,Why Educational NGOs Are Important in India - Top Neurons,Creating a Supportive Learning Environment,https://www.topneurons.org/why-educational-ngos-are-important-in-india/,"Some educational NGOs go beyond providing coaching and resources. They also create supportive environments where students can focus on their education without worrying about financial difficulties or lack of resources. For instance, initiatives like Top Neurons, supported by Pratham Shiksha Charitable Trust, work to empower talented students by providing academic mentorship and structured learning opportunities. Such programs aim to support deserving students and help them prepare for competitive examinations and higher education. By offering guidance and educational support, these initiatives help students develop the skills and confidence needed to achieve their academic dreams."
83,about,Why Educational NGOs Are Important in India - Top Neurons,Strengthening the Education System,https://www.topneurons.org/why-educational-ngos-are-important-in-india/,"Educational NGOs also complement the efforts of government institutions and schools. By introducing innovative teaching methods, digital learning tools, and community-based education programs, NGOs contribute to improving the overall quality of education. Many NGOs also raise awareness about the importance of education among families and communities, encouraging parents to prioritize their children’s education. These combined efforts help build a stronger education system that benefits future generations."
86,exam,How NGOs Are Helping Students Achieve IIT Dreams - Top Neurons,How NGOs Are Helping Students Achieve IIT Dreams,https://www.topneurons.org/how-ngos-are-helping-students-achieve-iit-dreams/,"Every year, thousands of students across India dream of studying in the prestigious Indian Institutes of Technology (IITs). These institutions are known for their high academic standards and excellent career opportunities. However, gaining admission to an IIT requires clearing the highly competitive Joint Entrance Examination (JEE), which is considered one of the toughest entrance exams in the country. While many students have access to quality coaching and resources, talented students from economically weaker backgrounds often struggle due to a lack of financial support and academic guidance. This is where Non-Governmental Organizations (NGOs) are playing a crucial role in transforming lives and helping students achieve their IIT dreams."
87,program,How NGOs Are Helping Students Achieve IIT Dreams - Top Neurons,Bridging the Gap in Educational Opportunities,https://www.topneurons.org/how-ngos-are-helping-students-achieve-iit-dreams/,"One of the biggest challenges faced by students from underprivileged backgrounds is limited access to quality education and coaching. Many professional coaching institutes charge high fees that are not affordable for all families. NGOs work to bridge this gap by offering free or subsidized coaching programs for deserving students. These organizations identify talented students, often from rural areas or economically weaker families, and provide them with structured academic training, study materials, and mentorship. By doing so, NGOs ensure that financial limitations do not prevent bright students from pursuing their dreams."
88,exam,How NGOs Are Helping Students Achieve IIT Dreams - Top Neurons,Providing Free Coaching and Study Resources,https://www.topneurons.org/how-ngos-are-helping-students-achieve-iit-dreams/,"Many educational NGOs run specialized programs designed to help students prepare for competitive exams like JEE. These programs focus on strengthening the student’s foundation in key subjects such as Physics, Chemistry, and Mathematics. Expert classroom teaching Free study materials and books Practice tests and mock exams Doubt-solving sessions Regular academic evaluation Such structured preparation helps students build strong concepts and develop problem-solving skills required to succeed in competitive exams."
89,program,How NGOs Are Helping Students Achieve IIT Dreams - Top Neurons,Mentorship and Career Guidance,https://www.topneurons.org/how-ngos-are-helping-students-achieve-iit-dreams/,"Apart from academic support, NGOs also provide mentorship and career guidance to students. Mentors help students stay motivated, manage their time effectively, and overcome challenges during their preparation journey. Many NGOs also invite successful engineers, teachers, and professionals to guide students. These interactions inspire students and give them a clearer understanding of the opportunities that lie ahead. A supportive learning environment and regular encouragement can make a significant difference in a student’s confidence and performance."
90,about,How NGOs Are Helping Students Achieve IIT Dreams - Top Neurons,Supporting Students Beyond Academics,https://www.topneurons.org/how-ngos-are-helping-students-achieve-iit-dreams/,"Some NGOs go beyond coaching and provide additional support such as accommodation, meals, and a focused learning environment. This allows students to concentrate fully on their studies without worrying about basic necessities. An example of such an initiative is Top Neurons, which works to support talented students preparing for competitive examinations. Supported by Pratham Shiksha Charitable Trust, the initiative focuses on helping deserving students access quality education and academic mentorship. By providing structured coaching and educational resources, such programs help students from economically weaker sections compete with confidence in exams like JEE."
91,program,How NGOs Are Helping Students Achieve IIT Dreams - Top Neurons,Transforming Lives Through Education,https://www.topneurons.org/how-ngos-are-helping-students-achieve-iit-dreams/,The efforts of NGOs in the field of education have transformed the lives of many students across India. Several success stories highlight how students from modest backgrounds have achieved admission to top engineering institutions with the help of free coaching programs and mentorship. These initiatives not only help students achieve their academic goals but also contribute to building a more inclusive and educated society.
93,exam,Free Coaching Programs for JEE and NEET in India - Top Neurons,Free Coaching Programs for JEE and NEET in India,https://www.topneurons.org/free-coaching-programs-for-jee-and-neet-in-india/,"Every year, millions of students in India aspire to build successful careers in engineering and medicine. To achieve these dreams, students must clear highly competitive entrance exams such as the Joint Entrance Examination (JEE) and the National Eligibility cum Entrance Test (NEET). These exams act as gateways to prestigious engineering and medical institutions across the country. However, preparing for these exams often requires quality coaching, which can be expensive and inaccessible for many students from economically weaker backgrounds. To address this challenge, several free coaching programs have been introduced in India. These initiatives aim to provide deserving students with the necessary academic support, guidance, and resources to help them succeed in competitive examinations."
94,exam,Free Coaching Programs for JEE and NEET in India - Top Neurons,Importance of Free Coaching Programs,https://www.topneurons.org/free-coaching-programs-for-jee-and-neet-in-india/,"JEE and NEET are among the most challenging entrance exams in India. They require strong conceptual understanding, regular practice, and proper mentorship. Many students rely on professional coaching institutes to prepare for these exams, but the high cost of coaching can prevent talented students from accessing these opportunities. Free coaching programs play a crucial role in bridging this gap. They ensure that students with potential are not limited by financial constraints. By offering structured academic guidance, these programs help students strengthen their understanding of subjects like Physics, Chemistry, Mathematics, and Biology. More importantly, free coaching initiatives create equal opportunities for students from rural areas and financially weaker families who may otherwise struggle to compete with students who have access to expensive coaching resources."
95,program,Free Coaching Programs for JEE and NEET in India - Top Neurons,Support Provided by Free Coaching Programs,https://www.topneurons.org/free-coaching-programs-for-jee-and-neet-in-india/,"Free coaching programs in India provide comprehensive support systems designed to help students perform well in competitive exams. These programs often include several important elements. Quality Academic CoachingStudents receive expert classroom coaching and guidance from experienced teachers in subjects required for JEE and NEET preparation. Study Materials and Learning ResourcesMany programs provide free books, practice papers, and reference materials that help students strengthen their preparation. Mock Tests and Performance AnalysisRegular mock tests help students understand the exam pattern, improve speed and accuracy, and identify areas where they need improvement. Mentorship and Personal GuidanceMentors guide students throughout their preparation journey, helping them stay motivated and focused on their goals. Supportive Learning EnvironmentSome initiatives also provide hostel facilities and a structured learning environment so that students can fully concentrate on their studies."
96,about,Free Coaching Programs for JEE and NEET in India - Top Neurons,Role of Educational NGOs in Student Success,https://www.topneurons.org/free-coaching-programs-for-jee-and-neet-in-india/,"Educational organizations and charitable trusts play an important role in supporting talented students who lack financial resources. One such initiative is Top Neurons, an educational program that works to support academically talented students preparing for competitive examinations. The initiative is supported by Pratham Shiksha Charitable Trust, a registered charitable trust committed to improving access to quality education for underprivileged students. The program focuses on identifying talented students, particularly after Class 10, and providing them with the necessary academic support to prepare for engineering and medical entrance exams. Through structured coaching, mentorship, and academic resources, Top Neurons helps students build strong academic foundations and pursue their dreams of studying in top institutions. Such initiatives not only support individual students but also contribute to social development by empowering young minds through education."
97,program,Free Coaching Programs for JEE and NEET in India - Top Neurons,Opportunities for Deserving Students,https://www.topneurons.org/free-coaching-programs-for-jee-and-neet-in-india/,"Students who wish to join free coaching programs typically go through a selection process designed to identify academic potential and dedication. Selected students receive structured coaching, continuous academic monitoring, and mentorship that helps them stay motivated throughout their preparation. For many students from economically weaker backgrounds, programs supported by organizations like Pratham Shiksha Charitable Trust and initiatives such as Top Neurons provide life-changing opportunities. These programs help them compete with confidence and work toward their goals of becoming engineers or doctors."
99,exam,JEE & NEET Strategy for Students - Top Neurons,Why JEE & NEET Strategy Matters for Students,https://www.topneurons.org/jee-neet-strategy-for-students/,"Every year, millions of students in India appear for highly competitive entrance examinations like Joint Entrance Examination (JEE) and National Eligibility cum Entrance Test (NEET). These exams are the gateway to prestigious institutions such as Indian Institutes of Technology (IITs), National Institutes of Technology (NITs), and top medical colleges across the country. Because of the intense competition and vast syllabus, having a clear preparation strategy is essential for success. A well-planned JEE and NEET preparation strategy helps students stay organized, focused, and confident throughout their preparation journey."
100,exam,JEE & NEET Strategy for Students - Top Neurons,Understanding the Competitive Nature of JEE & NEET,https://www.topneurons.org/jee-neet-strategy-for-students/,"Both JEE and NEET are considered among the toughest entrance exams in India. Every year, more than a million students compete for a limited number of seats in top engineering and medical colleges. Without a structured plan, students may feel overwhelmed by the extensive syllabus covering Physics, Chemistry, Mathematics (for JEE), and Biology (for NEET). A proper strategy allows students to break the syllabus into manageable parts and set achievable goals. It helps them allocate time efficiently to different subjects and topics while maintaining a balanced study schedule."
101,exam,JEE & NEET Strategy for Students - Top Neurons,Better Time Management,https://www.topneurons.org/jee-neet-strategy-for-students/,"One of the biggest advantages of having a preparation strategy is effective time management. Students preparing for JEE and NEET often juggle school studies, coaching classes, and self-study. Without a clear plan, it becomes difficult to manage these responsibilities. A well-structured study plan helps students: Prioritize important topics Allocate time for revision Practice mock tests regularly Balance study and rest When students follow a proper timetable, they can make consistent progress without feeling stressed or burned out."
102,exam,JEE & NEET Strategy for Students - Top Neurons,Strong Conceptual Understanding,https://www.topneurons.org/jee-neet-strategy-for-students/,"Success in JEE and NEET depends heavily on conceptual clarity rather than rote learning. A smart strategy focuses on understanding fundamental concepts before moving to advanced problem-solving. For example, mastering core principles in Physics and Chemistry is crucial for both exams, while strong problem-solving skills are essential for Mathematics in JEE and deep biological understanding is important for NEET. A structured preparation plan encourages students to: Study concepts thoroughly Solve practice problems regularly Review mistakes and improve weak areas This approach builds a strong academic foundation that helps students perform better in exams."
103,exam,JEE & NEET Strategy for Students - Top Neurons,Regular Practice and Mock Tests,https://www.topneurons.org/jee-neet-strategy-for-students/,"Practice plays a crucial role in JEE and NEET preparation. A good strategy includes frequent mock tests and previous year question papers. These help students understand the exam pattern, improve speed, and build confidence. Weak topics Time management issues Areas that require more revision By analyzing their performance regularly, students can refine their preparation strategy and improve their scores."
104,exam,JEE & NEET Strategy for Students - Top Neurons,Reducing Stress and Increasing Confidence,https://www.topneurons.org/jee-neet-strategy-for-students/,"Preparing for competitive exams can be stressful. However, a clear preparation strategy can significantly reduce anxiety. When students know exactly what to study and when to study, they feel more in control of their preparation. A structured approach also ensures that students revise important topics multiple times before the exam, which boosts confidence and improves retention."
105,program,JEE & NEET Strategy for Students - Top Neurons,Guidance and Mentorship,https://www.topneurons.org/jee-neet-strategy-for-students/,"Many successful candidates emphasize the importance of proper mentorship and guidance during preparation. Programs and educational initiatives that provide academic support, study resources, and mentorship help students stay motivated and focused. With the right guidance, students can avoid common mistakes, stay disciplined, and follow a proven preparation strategy."
107,exam,Empowering Young Minds - Top Neurons,Empowering Young Minds Through Education: The Mission of Pratham Shiksha Charitable Trust,https://www.topneurons.org/empowering-young-minds/,"Education has the power to transform lives, uplift communities, and create lasting social change. In a country as diverse and populous as India, access to quality education remains one of the most important tools for empowering young individuals and helping them achieve their full potential. Recognizing this need, Pratham Shiksha Charitable Trust has dedicated itself to supporting underprivileged yet talented students by providing them with the resources, guidance, and opportunities required to succeed. Pratham Shiksha Charitable Trust is a registered trust based in Jaipur, Rajasthan, working with a strong commitment to education and social welfare. The organization primarily focuses on helping students from economically weaker sections of society who possess the talent and determination to pursue higher education but lack the financial means to do so. Through various educational initiatives and partnerships, the trust strives to bridge the gap between potential and opportunity. One of the most impactful initiatives supported by the trust is Top Neurons, a program designed to assist academically gifted students in preparing for highly competitive entrance examinations such as engineering and medical tests. In India, exams like these are often considered gateways to prestigious institutions and promising careers. However, preparation for such exams usually requires access to high-quality coaching, study materials, mentorship, and a supportive environment—resources that are often beyond the reach of students from disadvantaged backgrounds. The Top Neurons program aims to remove these barriers by offering comprehensive academic support to deserving students. The initiative provides structured coaching and guidance that helps students build strong"
108,exam,Empowering Young Minds - Top Neurons,Empowering Young Minds Through Education: The Mission of Pratham Shiksha Charitable Trust,https://www.topneurons.org/empowering-young-minds/,"to high-quality coaching, study materials, mentorship, and a supportive environment—resources that are often beyond the reach of students from disadvantaged backgrounds. The Top Neurons program aims to remove these barriers by offering comprehensive academic support to deserving students. The initiative provides structured coaching and guidance that helps students build strong conceptual foundations and develop effective exam strategies. Experienced mentors and educators guide the students throughout their preparation journey, helping them stay motivated and focused on their goals. Beyond academic assistance, the program also recognizes the importance of a stable and supportive environment for learning. Therefore, it provides accommodation facilities for selected students, ensuring they have a safe place to live and study. By removing financial and logistical obstacles, Top Neurons allows students to concentrate entirely on their education and personal growth. The success of such initiatives often depends on strong collaborations and shared visions. In its mission to expand educational opportunities and social upliftment, Pratham Shiksha Charitable Trust works closely with Prem Shanti Charitable Trust. Both organizations share a common belief that education is one of the most powerful tools for empowering young people and building a stronger society. This collaboration allows the trusts to combine resources, expertise, and networks to create a greater impact. Together, they support programs that nurture talent, encourage academic excellence, and provide opportunities for students who might otherwise struggle to achieve their aspirations. By working in partnership, the organizations are able to reach more students and create meaningful, long-term change. The broader goal of Pratham"
109,exam,Empowering Young Minds - Top Neurons,Empowering Young Minds Through Education: The Mission of Pratham Shiksha Charitable Trust,https://www.topneurons.org/empowering-young-minds/,"to create a greater impact. Together, they support programs that nurture talent, encourage academic excellence, and provide opportunities for students who might otherwise struggle to achieve their aspirations. By working in partnership, the organizations are able to reach more students and create meaningful, long-term change. The broader goal of Pratham Shiksha Charitable Trust extends beyond simply helping students pass examinations. The trust aims to develop confident, capable individuals who can contribute positively to society. By investing in education today, the organization is helping shape the leaders, innovators, and professionals of tomorrow. Each student supported by the trust represents a story of resilience, determination, and hope. When given the right guidance and opportunities, these young minds have the potential to achieve remarkable success. Programs like Top Neurons not only help students realize their dreams but also inspire others in their communities to pursue education and aim higher. Through its continued efforts, Pratham Shiksha Charitable Trust remains committed to nurturing talent, promoting educational excellence, and contributing to the overall development of society. By empowering students through education and building meaningful partnerships, the trust is playing an important role in creating a brighter and more inclusive future for generations to come. The paper will be multiple choice question and will contains 200 Questions. Physics (40 Questions), Chemistry (40 Questions), Biology (40 Questions), Maths (40 Questions), Mental Ability (40 Questions) Important: For Engineering Stream attempt only Physics, Chemistry, Maths and Mental Ability. For Medical Stream attempt only Physics, Chemistry, Biology and Mental Ability. Marking"
179,exam,Privacy Policy - Top Neurons,Privacy Policy,https://www.topneurons.org/privacy-policy/,"At Top Neurons which is an initiative by DARPAN ID: RJ/2017/0173873DARPAN Registration Date: 27-11-2017 one of our main priorities is the privacy of our visitors. This Privacy Policy document contains types of information that is collected and recorded by Top Neurons and how we use it. 1. Information We Collect When you apply for our free coaching and scholarship program, we collect the following information: Personal Details: Name, Age, Gender, and Contact Information (Email & Phone Number). Academic Records: 9th/10th class marks, Board details, and School information. Financial Documents: Income certificates, BPL cards, Ration cards, and electricity bills for eligibility verification. Guardian Information: Parent’s occupation and family income details. 2. How We Use Your Information We use the collected information for the following purposes: To process your application and verify eligibility for the Top Neurons Scholarship. To conduct entrance examinations (Prelims/Mains) and academic interviews. To perform financial background verification for shortlisting needy students. To communicate important updates regarding test dates, results, and admission processes. To improve our website experience and maintain internal records. 3. Data Protection & Security We are committed to ensuring that your information is secure. Confidentiality: We do not sell, rent, or trade your personal information to third-party commercial enterprises. Encryption: Our website uses HTTPS (SSL) to ensure data transmitted online is encrypted and secure. 4. Cookies and Web Beacons Like any other website, Top Neurons uses ‘cookies’. These cookies are used to store information including visitors’ preferences, and the pages on the website that the visitor"
180,exam,Privacy Policy - Top Neurons,Privacy Policy,https://www.topneurons.org/privacy-policy/,"third-party commercial enterprises. Encryption: Our website uses HTTPS (SSL) to ensure data transmitted online is encrypted and secure. 4. Cookies and Web Beacons Like any other website, Top Neurons uses ‘cookies’. These cookies are used to store information including visitors’ preferences, and the pages on the website that the visitor accessed or visited. The information is used to optimize the users’ experience by customizing our web page content. 5. Third-Party Services (Google Analytics & Ads) We use Google Analytics to understand website traffic. Google may use cookies to serve ads based on a user’s prior visits to our website. Users may opt-out of personalized advertising by visiting Google Ad Settings. 6. Consent By using our website, you hereby consent to our Privacy Policy and agree to its terms. 7. Contact Us If you have additional questions or require more information about our Privacy Policy, do not hesitate to contact us: Email: info@topneurons.org Address: S-23 Krishna Marg, Shyam Nagar, Ajmer Road, Jaipur, Rajasthan – 302019 Phone: +91-9358699209, +91-9358699210 The paper will be multiple choice question and will contains 200 Questions. Physics (40 Questions), Chemistry (40 Questions), Biology (40 Questions), Maths (40 Questions), Mental Ability (40 Questions) Important: For Engineering Stream attempt only Physics, Chemistry, Maths and Mental Ability. For Medical Stream attempt only Physics, Chemistry, Biology and Mental Ability. Marking Scheme: For each Correct Answer: 4 Marks and For each incorrect answer: -1 Mark पेपर में बहुविकल्पीय प्रश्न होंगे और इसमें 200 प्रश्न होंगे। भौतिकी (40 प्रश्न), रसायन विज्ञान (40 प्रश्न),"
